gene,nbases_covered,npos,npos_perbase
mt-Tl1,55,28,0.509090909090909
intergenic,2,1,0.5
mt-Nd6,118,57,0.483050847457627
mt-Rnr2,179,82,0.458100558659218
mt-Nd5,120,51,0.425
mt-Co2,120,48,0.4
mt-Co3,138,55,0.398550724637681
mt-Tg,68,27,0.397058823529412
mt-Nd3,31,12,0.387096774193548
mt-Nd1,118,45,0.38135593220339
mt-Co1,119,45,0.378151260504202
D-loop,120,43,0.358333333333333
mt-Tq,71,24,0.338028169014085
mt-Ti,3,1,0.333333333333333
mt-Cytb,114,28,0.245614035087719
mt-Tm,45,11,0.244444444444444
mt-Tt,6,1,0.166666666666667
