gene,nbases_covered,npos,npos_perbase,npos_expected,ratio,origin
mt-Nd1,118,45,0.38135593220339,46.2242466713385,0.97351505412207,somatic
mt-Co1,119,45,0.378151260504202,46.6159775753329,0.965334255347935,somatic
mt-Co2,120,48,0.4,47.0077084793273,1.0211091234347,somatic
mt-Co3,138,55,0.398550724637681,54.0588647512264,1.01740945269762,somatic
mt-Nd3,31,12,0.387096774193548,12.1436580238262,0.98817011945294,somatic
mt-Nd5,120,51,0.425,47.0077084793273,1.08492844364937,somatic
mt-Nd6,118,57,0.483050847457627,46.2242466713385,1.23311906855462,somatic
mt-Cytb,114,28,0.245614035087719,44.6573230553609,0.626996830179205,somatic
mt-Tl1,55,28,0.509090909090909,21.5451997196917,1.29959342982599,somatic
mt-Ti,3,1,0.333333333333333,1.17519271198318,0.850924269528921,somatic
mt-Tq,71,24,0.338028169014085,27.812894183602,0.862909118395525,somatic
mt-Tm,45,11,0.244444444444444,17.6278906797477,0.624011130987875,somatic
mt-Tg,68,27,0.397058823529412,26.6377014716188,1.01360096811533,somatic
mt-Tt,6,1,0.166666666666667,2.35038542396636,0.42546213476446,somatic
mt-Rnr2,179,82,0.458100558659218,70.1198318149965,1.16942664974366,somatic
D-loop,120,43,0.358333333333333,47.0077084793273,0.91474358974359,somatic
intergenic,2,1,0.5,0.783461807988788,1.27638640429338,somatic
mt-Nd1,118,11,0.0932203389830508,12.6666666666667,0.868421052631579,inherited
mt-Co1,119,5,0.0420168067226891,12.774011299435,0.391419725785051,inherited
mt-Co2,120,3,0.025,12.8813559322034,0.232894736842105,inherited
mt-Co3,138,19,0.13768115942029,14.8135593220339,1.28260869565217,inherited
mt-Nd3,31,6,0.193548387096774,3.32768361581921,1.80305602716469,inherited
mt-Nd5,120,7,0.0583333333333333,12.8813559322034,0.543421052631579,inherited
mt-Nd6,118,26,0.220338983050847,12.6666666666667,2.05263157894737,inherited
mt-Cytb,114,3,0.0263157894736842,12.2372881355932,0.245152354570637,inherited
mt-Tl1,55,10,0.181818181818182,5.90395480225989,1.69377990430622,inherited
mt-Tq,71,1,0.0140845070422535,7.62146892655367,0.131208302446257,inherited
mt-Tm,45,1,0.0222222222222222,4.83050847457627,0.207017543859649,inherited
mt-Tg,68,16,0.235294117647059,7.29943502824859,2.19195046439628,inherited
mt-Rnr2,179,17,0.0949720670391061,19.2146892655367,0.884739782416936,inherited
D-loop,120,27,0.225,12.8813559322034,2.09605263157895,inherited
